{"cameraMode":{"drawMode":0,"name":"Shaded","section":"Shading Mode"},"sceneLighting":true,"audioPlay":false,"sceneViewState":{"m_AlwaysRefresh":false,"showFog":true,"showSkybox":true,"showFlares":true,"showImageEffects":true,"showParticleSystems":true,"showVisualEffectGraphs":true,"m_FxEnabled":true},"in2DMode":false,"pivot":{"x":174.95111083984376,"y":107.66851806640625,"z":101.5849380493164},"rotation":{"x":-0.01160044688731432,"y":-0.8641517758369446,"z":-0.014783634804189206,"w":0.5043122172355652},"size":26.48019790649414,"orthographic":false}