{"cameraMode":{"drawMode":0,"name":"Shaded","section":"Shading Mode"},"sceneLighting":true,"audioPlay":false,"sceneViewState":{"m_AlwaysRefresh":false,"showFog":true,"showSkybox":true,"showFlares":true,"showImageEffects":true,"showParticleSystems":true,"showVisualEffectGraphs":true,"m_FxEnabled":true},"in2DMode":false,"pivot":{"x":106.04033660888672,"y":30.070161819458009,"z":-72.02930450439453},"rotation":{"x":0.26727449893951418,"y":-0.35110294818878176,"z":0.10314100235700607,"w":0.8920075297355652},"size":16.91578483581543,"orthographic":false}