{"cameraMode":{"drawMode":0,"name":"Shaded","section":"Shading Mode"},"sceneLighting":false,"audioPlay":false,"sceneViewState":{"m_AlwaysRefresh":false,"showFog":true,"showSkybox":false,"showFlares":true,"showImageEffects":true,"showParticleSystems":true,"showVisualEffectGraphs":true,"m_FxEnabled":true},"in2DMode":false,"pivot":{"x":-1.2998470067977906,"y":0.7632667422294617,"z":-3.3339288234710695},"rotation":{"x":0.08207818865776062,"y":0.8553699851036072,"z":-0.14332711696624757,"w":0.4912995398044586},"size":6.207931041717529,"orthographic":false}